pressure,density
200,3.547524
240,5.515395
266.66666666666663, 6.827309236947784
295.2380952380952, 8.232931726907623
342.8571428571428, 9.638554216867469
384.1269841269841, 11.646586345381522
400,12.27955299