density,pressure
5.59610834,202.2507492
5.649174374,212.2013898
5.696344002,220.2566775
5.740565697,229.0227036
5.784787391,237.5518241
5.834905492,247.9763192
5.917452476,263.8499457
5.964622644,274.9852009
6.023584544,287.7788816
6.060518732,298.9726027
6.145244957,317.4657534
6.266282421,346.2328767
6.298559078,353.4246575
6.338904899,363.6986301
6.411527378,383.2191781
6.484149856,400.6849315
