density,pressure
5.607076525,200
5.790336213,240
5.927780979,270
6.060518732,298.9726027
6.145244957,317.4657534
6.266282421,346.2328767
6.298559078,353.4246575
6.338904899,363.6986301
6.411527378,383.2191781
6.484149856,400.6849315
