pressure,density
240,5.515395
266.66666666666663, 6.827309236947784
295.2380952380952, 8.232931726907623
342.8571428571428, 9.638554216867469
384.1269841269841, 11.646586345381522
530.15873015873, 17.46987951807229
653.9682539682539, 22.89156626506024
758.7301587301586, 27.510040160642564
907.9365079365078, 34.13654618473895
993.6507936507935, 38.15261044176707
1101.5873015873012, 43.1726907630522