pressure,volume
6.185147508,278.2156134
9.237029502,272.5650558
16.66327569,261.7100372
21.24109868,255.7620818
24.49643947,251.7472119
27.75178026,248.4758364
31.92268566,244.3122677
34.66937945,241.9330855
38.12817904,238.3643123
40.46795524,236.5799257
42.90946083,234.4981413
45.24923703,232.7137546
47.89420142,230.6319703
